Sentence;Target_word;WordPredictions;wn;nwords;nprt;nw;sn;cloze;entropy;condition;sn_rand;sn_0;Prior;Sentences;Target_word;randomization;Web_Audio;Single_Word;sentence;word;randomize_1
Ich beneide meine Nachbarin f�r ihren sch�nen;hals;1;8;14;59;8;207;0,016949153;1,361699769;em_lc;247;247;em;s_em_247p.wav;s_em_lc_247tw;0,652751347;s_em_247p.wav;s_em_lc_247tw_6.wav;Stimuli/s_em_247p.wav;Stimuli/s_em_lc_247tw_6.wav;0,000849035
Sie strengte sich an, aber erkannte keine;muster;8;26;41;67;8;331;0,119402985;3,489619068;eh;400;400;eh;s_eh_400p.wav;s_eh_400tw;0,200478071;s_eh_400p.wav;s_eh_400tw_1.wav;Stimuli/s_eh_400p.wav;Stimuli/s_eh_400tw_1.wav;0,011510222
Ihr Gro�vater vererbte ihr seine wertvolle;uhr;36;11;12;68;7;216;0,529411765;1,584654678;em_hc;259;259;em;s_em_259p.wav;s_em_hc_259tw;0,329226922;s_em_259p.wav;s_em_hc_259tw_3.wav;Stimuli/s_em_259p.wav;Stimuli/s_em_hc_259tw_3.wav;0,012113632
Die alte Dame sitzt auf der Parkbank und f�ttert die;tauben;28;7;8;68;11;149;0,411764706;1,399570529;em_hc;164;164;em;s_em_164p.wav;s_em_hc_164tw;0,270080765;s_em_164p.wav;s_em_hc_164tw_3.wav;Stimuli/s_em_164p.wav;Stimuli/s_em_hc_164tw_3.wav;0,019536028
Der Fluss durch die Stadt f�hrt direkt zum;meer;31;6;16;66;9;99;0,46969697;1,824052822;em_hc;107;107;em;s_em_107p.wav;s_em_hc_107tw;0,796966834;s_em_107p.wav;s_em_hc_107tw_12.wav;Stimuli/s_em_107p.wav;Stimuli/s_em_hc_107tw_12.wav;0,023847789
Sie wischte sich den Schwei� von der;stirn;65;4;4;68;8;333;0,955882353;0,22928458;el;402;402;el;s_el_402p.wav;s_el_402tw;0,147395097;s_el_402p.wav;s_el_402tw_1.wav;Stimuli/s_el_402p.wav;Stimuli/s_el_402tw_1.wav;0,02991918
Zur Belohnung gebe ich meinem Hund ein;leckerli;60;2;2;61;8;360;0,983606557;0,083649705;el;441;441;el;s_el_441p.wav;s_el_441tw;0,844306982;s_el_441p.wav;s_el_441tw_12.wav;Stimuli/s_el_441p.wav;Stimuli/s_el_441tw_12.wav;0,03257917
Auf der Ladefl�che des Transporters befand sich eine;kiste;14;10;35;68;9;32;0,205882353;3,189191245;eh;27;027;eh;s_eh_027p.wav;s_eh_027tw;0,668115452;s_eh_027p.wav;s_eh_027tw_6.wav;Stimuli/s_eh_027p.wav;Stimuli/s_eh_027tw_6.wav;0,036610222
Immer mehr Jugendliche nehmen leichtsinnigerweise ;Drogen ;43;;2;44;6;25;0,977272727;0,108471339;el;297;297;el;s_el_297p.wav;s_el_297tw;0,4711133;s_el_297p.wav;s_el_297tw_6.wav;Stimuli/s_el_297p.wav;Stimuli/s_el_297tw_6.wav;0,038563601
Der Park in der N�he hat einen gro�en;see;28;7;9;67;9;126;0,417910448;1,562915662;em_hc;130;130;em;s_em_130p.wav;s_em_hc_130tw;0,161592418;s_em_130p.wav;s_em_hc_130tw_1.wav;Stimuli/s_em_130p.wav;Stimuli/s_em_hc_130tw_1.wav;0,045025511
Ungeduldig schaut Toni auf ihre;kuh;0;5;5;76;6;22;0;0,374279343;el_mm;415;415;el;s_el_415p.wav;s_el_mm_415tw;0,005993606;s_el_415p.wav;s_el_mm_415tw_1.wav;Stimuli/s_el_415p.wav;Stimuli/s_el_mm_415tw_1.wav;0,053567087
Zur Bekr�ftigung des Friedens rauchten die Indianer eine;Feige;0;;2;44;9;37;0;0,474139313;el_mm;439;439;el;s_el_439p.wav;s_el_mm_439tw;0,253065846;s_el_439p.wav;s_el_mm_439tw_3.wav;Stimuli/s_el_439p.wav;Stimuli/s_el_mm_439tw_3.wav;0,069184495
Auf einer Mission untersuchten die Astronauten die Oberfl�che des;raumschiffs;2;7;7;67;10;36;0,029850746;1,027560443;em_lc;31;031;em;s_em_031p.wav;s_em_lc_031tw;0,594118985;s_em_031p.wav;s_em_lc_031tw_6.wav;Stimuli/s_em_031p.wav;Stimuli/s_em_lc_031tw_6.wav;0,07196068
Im Streichelzoo gibt es freche;igel;1;5;11;65;6;238;0,015384615;1,435100284;em_lc;285;285;em;s_em_285p.wav;s_em_lc_285tw;0,683430947;s_em_285p.wav;s_em_lc_285tw_6.wav;Stimuli/s_em_285p.wav;Stimuli/s_em_lc_285tw_6.wav;0,076567046
Zum Angeln spie�te sie den Wurm auf den;haken;64;3;6;76;9;25;0,842105263;0,643695037;el;437;437;el;s_el_437p.wav;s_el_437tw;0,682030314;s_el_437p.wav;s_el_437tw_6.wav;Stimuli/s_el_437p.wav;Stimuli/s_el_437tw_6.wav;0,08838812
Die Forscherin entdeckt eine neue Pflanzenart im;dschungel;16;7;21;66;8;157;0,242424242;2,51322942;eh;183;183;eh;s_eh_183p.wav;s_eh_183tw;0,048508615;s_eh_183p.wav;s_eh_183tw_1.wav;Stimuli/s_eh_183p.wav;Stimuli/s_eh_183tw_1.wav;0,088422889
Der fr�he Vogel f�ngt den;luchs;0;1;1;66;6;100;0;0;el_mm;109;109;el;s_el_109p.wav;s_el_mm_109tw;0,197543144;s_el_109p.wav;s_el_mm_109tw_1.wav;Stimuli/s_el_109p.wav;Stimuli/s_el_mm_109tw_1.wav;0,092072333
Der Fahrer f�hrt die Staatsg�ste sicher durch die;nacht;1;11;16;68;9;95;0,014705882;1,543851091;em_lc;100;100;em;s_em_100p.wav;s_em_lc_100tw;0,177752056;s_em_100p.wav;s_em_lc_100tw_1.wav;Stimuli/s_em_100p.wav;Stimuli/s_em_lc_100tw_1.wav;0,102730509
Der Plan hat Hand und ;Fu� ;46;;1;46;6;8;1;0;el;133;133;el;s_el_133p.wav;s_el_133tw;0,014170725;s_el_133p.wav;s_el_133tw_1.wav;Stimuli/s_el_133p.wav;Stimuli/s_el_133tw_1.wav;0,107170134
Nach der Gartenarbeit wusch sie sich gr�ndlich die;achseln;0;2;2;76;9;17;0;0,121692403;el_mm;370;370;el;s_el_370p.wav;s_el_mm_370tw;0,199469626;s_el_370p.wav;s_el_mm_370tw_1.wav;Stimuli/s_el_370p.wav;Stimuli/s_el_mm_370tw_1.wav;0,107405926
Der Zauberer verriet dem Publikum seinen ;weg;0;;4;47;7;11;0;0,20547075;el_mm;160;160;el;s_el_160p.wav;s_el_mm_160tw;0,443712154;s_el_160p.wav;s_el_mm_160tw_3.wav;Stimuli/s_el_160p.wav;Stimuli/s_el_mm_160tw_3.wav;0,113137576
Der Fernseher im Wohnzimmer hat einen gro�en;sprung;1;12;12;67;8;96;0,014925373;1,071012154;em_lc;102;102;em;s_em_102p.wav;s_em_lc_102tw;0,436184839;s_em_102p.wav;s_em_lc_102tw_3.wav;Stimuli/s_em_102p.wav;Stimuli/s_em_lc_102tw_3.wav;0,114981805
Der Skilift schaukelte bedenklich im;wind;64;7;7;76;6;7;0,842105263;0,668820597;el;140;140;el;s_el_140p.wav;s_el_140tw;0,60270142;s_el_140p.wav;s_el_140tw_6.wav;Stimuli/s_el_140p.wav;Stimuli/s_el_140tw_6.wav;0,119139877
Sie kam mit den Beinen kaum bis auf den ;Kessel;0;;4;45;10;35;0;0,392379177;el_mm;396;396;el;s_el_396p.wav;s_el_mm_396tw;0,419583584;s_el_396p.wav;s_el_mm_396tw_3.wav;Stimuli/s_el_396p.wav;Stimuli/s_el_mm_396tw_3.wav;0,125556579
Im Zoo f�ttern die Tierpfleger die hungrigen;l�wen;30;7;14;68;8;244;0,441176471;1,825659958;em_hc;293;293;em;s_em_293p.wav;s_em_hc_293tw;0,718783214;s_em_293p.wav;s_em_hc_293tw_6.wav;Stimuli/s_em_293p.wav;Stimuli/s_em_hc_293tw_6.wav;0,129287925
Die Kellnerin serviert den Nachtisch auf dem;tablett;42;6;10;65;8;169;0,646153846;1,272459244;em_hc;195;195;em;s_em_195p.wav;s_em_hc_195tw;0,015160799;s_em_195p.wav;s_em_hc_195tw_1.wav;Stimuli/s_em_195p.wav;Stimuli/s_em_hc_195tw_1.wav;0,131662953
Im Sandkasten spielen die Kinder mit Schaufel und;gabel;1;5;10;68;9;236;0,014705882;1,334344617;em_lc;283;283;em;s_em_283p.wav;s_em_lc_283tw;0,260781385;s_em_283p.wav;s_em_lc_283tw_1.wav;Stimuli/s_em_283p.wav;Stimuli/s_em_lc_283tw_1.wav;0,133216548
Die Kaffeetasse auf dem Tisch hat ein Muster mit;blumen;25;2;26;68;10;167;0,367647059;2,605279363;eh;192;192;eh;s_eh_192p.wav;s_eh_192tw;0,854881305;s_eh_192p.wav;s_eh_192tw_6.wav;Stimuli/s_eh_192p.wav;Stimuli/s_eh_192tw_6.wav;0,139815399
Wir planen am Wochenende einen;umtrunk;1;9;10;65;6;351;0,015384615;0,944285867;em_lc;427;427;em;s_em_427p.wav;s_em_lc_427tw;0,500218223;s_em_427p.wav;s_em_lc_427tw_3.wav;Stimuli/s_em_427p.wav;Stimuli/s_em_lc_427tw_3.wav;0,148995256
Ich suche meine Schl�ssel in der;tasche;39;9;10;66;7;213;0,590909091;1,436287342;em_hc;253;253;em;s_em_253p.wav;s_em_hc_253tw;0,458770987;s_em_253p.wav;s_em_hc_253tw_6.wav;Stimuli/s_em_253p.wav;Stimuli/s_em_hc_253tw_6.wav;0,160681216
Trotz der Turbulenzen bringt der Pilot das Flugzeug sicher nach;hause;30;6;15;66;11;336;0,454545455;1,625007325;em_hc;406;406;em;s_em_406p.wav;s_em_hc_406tw;0,257449454;s_em_406p.wav;s_em_hc_406tw_3.wav;Stimuli/s_em_406p.wav;Stimuli/s_em_hc_406tw_3.wav;0,168585353
Aus dem Fenster sieht man in der Ferne die hohen;masten;1;6;9;64;11;41;0,015625;1,229807722;em_lc;37;037;em;s_em_037p.wav;s_em_lc_037tw;0,14822962;s_em_037p.wav;s_em_lc_037tw_1.wav;Stimuli/s_em_037p.wav;Stimuli/s_em_lc_037tw_1.wav;0,170847906
Beim Kochen schnitt sich Onur in den;finger;61;3;5;68;8;57;0,897058824;0,462957162;el;50;050;el;s_el_050p.wav;s_el_050tw;0,984446119;s_el_050p.wav;s_el_050tw_12.wav;Stimuli/s_el_050p.wav;Stimuli/s_el_050tw_12.wav;0,172023477
In einer Seeschlacht erbeuteten die Piraten viele;sch�tze;36;16;22;68;8;272;0,529411765;2,045913173;em_hc;323;323;em;s_em_323p.wav;s_em_hc_323tw;0,776275657;s_em_323p.wav;s_em_hc_323tw_12.wav;Stimuli/s_em_323p.wav;Stimuli/s_em_hc_323tw_12.wav;0,182496144
Kurz vor der Ziellinie fiel der Reiter von seinem;strau�;0;1;3;66;10;287;0;0,213839861;el_mm;342;342;el;s_el_342p.wav;s_el_mm_342tw;0,359352091;s_el_342p.wav;s_el_mm_342tw_3.wav;Stimuli/s_el_342p.wav;Stimuli/s_el_mm_342tw_3.wav;0,205273356
Auf dem Oktoberfest trinken die Menschen viel;bier;64;2;2;66;8;21;0,96969697;0,135793959;el;17;017;el;s_el_017p.wav;s_el_017tw;0,94657713;s_el_017p.wav;s_el_017tw_12.wav;Stimuli/s_el_017p.wav;Stimuli/s_el_017tw_12.wav;0,216032159
Meine Pommes esse ich am liebsten mit Ketchup und;salat;0;1;1;76;10;16;0;0;el_mm;352;352;el;s_el_352p.wav;s_el_mm_352tw;0,496238641;s_el_352p.wav;s_el_mm_352tw_6.wav;Stimuli/s_el_352p.wav;Stimuli/s_el_mm_352tw_6.wav;0,219075713
Mit voller Wucht traf die Abrissbirne das;regal;1;7;7;67;8;303;0,014925373;1,028217955;em_lc;359;359;em;s_em_359p.wav;s_em_lc_359tw;0,804572589;s_em_359p.wav;s_em_lc_359tw_12.wav;Stimuli/s_em_359p.wav;Stimuli/s_em_lc_359tw_12.wav;0,220314876
An Weihnachten schm�ckte die ganze Familie den Baum mit;kugeln;39;7;13;65;10;16;0,6;1,453515469;em_hc;11;011;em;s_em_011p.wav;s_em_hc_011tw;0,139336561;s_em_011p.wav;s_em_hc_011tw_1.wav;Stimuli/s_em_011p.wav;Stimuli/s_em_hc_011tw_1.wav;0,222118152
Der Schaffner wurde misstrauisch wegen des;tickets;23;23;26;66;7;130;0,348484848;2,63898404;eh;136;136;eh;s_eh_136p.wav;s_eh_136tw;0,877181695;s_eh_136p.wav;s_eh_136tw_12.wav;Stimuli/s_eh_136p.wav;Stimuli/s_eh_136tw_12.wav;0,235032143
Die Hose war zu eng zum;sitzen;16;16;20;66;7;162;0,242424242;2,551013678;eh;185;185;eh;s_eh_185p.wav;s_eh_185tw;0,448456939;s_eh_185p.wav;s_eh_185tw_3.wav;Stimuli/s_eh_185p.wav;Stimuli/s_eh_185tw_3.wav;0,256008111
Ihre Arbeit machte ihr ;Spa�;45;;2;52;5;23;0,865384615;0,395067121;el;263;263;el;s_el_263p.wav;s_el_263tw;0,236174466;s_el_263p.wav;s_el_263tw_3.wav;Stimuli/s_el_263p.wav;Stimuli/s_el_263tw_3.wav;0,265444226
In den Bergen �bernachten die G�ste in einer gem�tlichen;h�tte;50;3;9;66;10;250;0,757575758;1,01595635;em_hc;304;304;em;s_em_304p.wav;s_em_hc_304tw;0,741517482;s_em_304p.wav;s_em_hc_304tw_6.wav;Stimuli/s_em_304p.wav;Stimuli/s_em_hc_304tw_6.wav;0,26576894
Die italienische Mafia handelt vor allem mit;k�pfchen;1;6;11;68;8;163;0,014705882;1,133246777;em_lc;186;186;em;s_em_186p.wav;s_em_lc_186tw;0,886162625;s_em_186p.wav;s_em_lc_186tw_12.wav;Stimuli/s_em_186p.wav;Stimuli/s_em_lc_186tw_12.wav;0,268508493
Der Baum im Herbst hat bunte;schleifen;0;1;1;66;7;89;0;0;el_mm;91;091;el;s_el_091p.wav;s_el_mm_091tw;0,203295137;s_el_091p.wav;s_el_mm_091tw_1.wav;Stimuli/s_el_091p.wav;Stimuli/s_el_mm_091tw_1.wav;0,270401055
Die lange steile Treppe f�hrt zum;dachboden;17;8;29;66;7;174;0,257575758;2,864106075;eh;203;203;eh;s_eh_203p.wav;s_eh_203tw;0,190743719;s_eh_203p.wav;s_eh_203tw_1.wav;Stimuli/s_eh_203p.wav;Stimuli/s_eh_203tw_1.wav;0,272909746
Das Cappie sch�tzt die Augen vor der;kreide;0;2;3;65;8;65;0;0,265785076;el_mm;64;064;el;s_el_064p.wav;s_el_mm_064tw;0,518414396;s_el_064p.wav;s_el_mm_064tw_6.wav;Stimuli/s_el_064p.wav;Stimuli/s_el_mm_064tw_6.wav;0,276071725
Im Aquarium gibt es neben Fischen auch;pflanzen;11;12;24;65;8;220;0,169230769;2,792576662;eh;267;267;eh;s_eh_267p.wav;s_eh_267tw;0,400719457;s_eh_267p.wav;s_eh_267tw_3.wav;Stimuli/s_eh_267p.wav;Stimuli/s_eh_267tw_3.wav;0,277505435
Aus der Mine hoben die Bergarbeiter wertvolles;kupfer;1;9;13;65;8;46;0,015384615;1,635823904;em_lc;43;043;em;s_em_043p.wav;s_em_lc_043tw;0,749275633;s_em_043p.wav;s_em_lc_043tw_12.wav;Stimuli/s_em_043p.wav;Stimuli/s_em_lc_043tw_12.wav;0,277861178
Im Kindergarten bekamen die meisten Kinder in dieser Woche;l�use;5;20;38;67;10;229;0,074626866;3,440694712;eh;278;278;eh;s_eh_278p.wav;s_eh_278tw;0,177202132;s_eh_278p.wav;s_eh_278tw_1.wav;Stimuli/s_eh_278p.wav;Stimuli/s_eh_278tw_1.wav;0,281077019
�ber den Stuhl h�ngt sie ihre;jacke;51;5;11;68;7;338;0,75;1,092155375;em_hc;410;410;em;s_em_410p.wav;s_em_hc_410tw;0,484162355;s_em_410p.wav;s_em_hc_410tw_6.wav;Stimuli/s_em_410p.wav;Stimuli/s_em_hc_410tw_6.wav;0,286298226
Seit einer Stunde sitze ich im Wartezimmer beim;papst;0;1;7;67;9;325;0;0,60691841;el_mm;394;394;el;s_el_394p.wav;s_el_mm_394tw;0,639338085;s_el_394p.wav;s_el_mm_394tw_6.wav;Stimuli/s_el_394p.wav;Stimuli/s_el_mm_394tw_6.wav;0,286953968
Beim Kuchenbacken verga� meine Mutter tats�chlich das;mehl;41;4;5;67;8;58;0,611940299;1,136943231;em_hc;52;052;em;s_em_052p.wav;s_em_hc_052tw;0,217914875;s_em_052p.wav;s_em_hc_052tw_3.wav;Stimuli/s_em_052p.wav;Stimuli/s_em_hc_052tw_3.wav;0,29226145
Der Rapper singt �ber sein Leben auf der Stra�e und seine;liebe;10;18;26;68;12;128;0,147058824;2,898879077;eh;135;135;eh;s_eh_135p.wav;s_eh_135tw;0,317861797;s_eh_135p.wav;s_eh_135tw_3.wav;Stimuli/s_eh_135p.wav;Stimuli/s_eh_135tw_3.wav;0,312783944
Die Enten schwammen auf dem ;Teich ;24;;2;44;6;15;0,545454545;0,689009238;el;179;179;el;s_el_179p.wav;s_el_179tw;0,236623657;s_el_179p.wav;s_el_179tw_3.wav;Stimuli/s_el_179p.wav;Stimuli/s_el_179tw_3.wav;0,31383326
In dem Lexikon suchte Andrea nach einem Eintrag �ber;elefanten;3;16;54;68;10;249;0,044117647;3,903314858;eh;303;303;eh;s_eh_303p.wav;s_eh_303tw;0,155393413;s_eh_303p.wav;s_eh_303tw_1.wav;Stimuli/s_eh_303p.wav;Stimuli/s_eh_303tw_1.wav;0,321745792
�ffne die T�r nur einen ;Meter;0;;2;45;6;31;0;0,106565959;el_mm;387;387;el;s_el_387p.wav;s_el_mm_387tw;0,615522246;s_el_387p.wav;s_el_mm_387tw_6.wav;Stimuli/s_el_387p.wav;Stimuli/s_el_mm_387tw_6.wav;0,328812644
Die Menschen auf der Stra�e bestaunen den;k�nstler;8;15;39;66;8;177;0,121212121;3,451719095;eh;206;206;eh;s_eh_206p.wav;s_eh_206tw;0,855729106;s_eh_206p.wav;s_eh_206tw_12.wav;Stimuli/s_eh_206p.wav;Stimuli/s_eh_206tw_12.wav;0,334802305
Im Supermarkt kaufen wir eine Flasche;�l;1;6;15;66;8;240;0,015151515;1,840455;em_lc;289;289;em;s_em_289p.wav;s_em_lc_289tw;0,392207616;s_em_289p.wav;s_em_lc_289tw_1.wav;Stimuli/s_em_289p.wav;Stimuli/s_em_lc_289tw_1.wav;0,338947097
Er sah Licht am Ende des;Tunnels;42;;5;47;7;18;0,893617021;0,480606786;el;224;224;el;s_el_224p.wav;s_el_224tw;0,170124211;s_el_224p.wav;s_el_224tw_1.wav;Stimuli/s_el_224p.wav;Stimuli/s_el_224tw_1.wav;0,3403078
Die Hauptfigur in dem Kinderbuch war ein;b�r;7;1;34;64;8;160;0,109375;3,263800437;eh;184;184;eh;s_eh_184p.wav;s_eh_184tw;0,901451832;s_eh_184p.wav;s_eh_184tw_12.wav;Stimuli/s_eh_184p.wav;Stimuli/s_eh_184tw_12.wav;0,347012379
Rauchen gef�hrdert die ;Vorh�nge;0;;3;53;4;33;0;0,186837059;el_mm;389;389;el;s_el_389p.wav;s_el_mm_389tw;0,665636497;s_el_389p.wav;s_el_mm_389tw_12.wav;Stimuli/s_el_389p.wav;Stimuli/s_el_mm_389tw_12.wav;0,358677231
Die Blumen auf dem Balkon brauchen dringend;kekse;0;3;3;68;8;152;0;0,208897898;el_mm;172;172;el;s_el_172p.wav;s_el_mm_172tw;0,725899402;s_el_172p.wav;s_el_mm_172tw_12.wav;Stimuli/s_el_172p.wav;Stimuli/s_el_mm_172tw_12.wav;0,364733992
Der Tod seines Hundes erf�llte ihn mit gro�er ;Trauer;41;;3;43;9;9;0,953488372;0,220352331;el;145;145;el;s_el_145p.wav;s_el_145tw;0,137389814;s_el_145p.wav;s_el_145tw_1.wav;Stimuli/s_el_145p.wav;Stimuli/s_el_145tw_1.wav;0,368639822
Die Kinder spielen mit einem Ball im;dreieck;1;2;18;68;8;170;0,014705882;2,003541274;em_lc;197;197;em;s_em_197p.wav;s_em_lc_197tw;0,845667602;s_em_197p.wav;s_em_lc_197tw_12.wav;Stimuli/s_em_197p.wav;Stimuli/s_em_lc_197tw_12.wav;0,375755861
Das Haus am Ende der Stra�e hat neue;fenster;35;4;14;60;9;71;0,583333333;1,631634333;em_hc;72;072;em;s_em_072p.wav;s_em_hc_072tw;0,545702255;s_em_072p.wav;s_em_hc_072tw_6.wav;Stimuli/s_em_072p.wav;Stimuli/s_em_hc_072tw_6.wav;0,377221615
Auf dem Waschbecken liegt ein St�ck;seife;63;4;5;67;7;25;0,940298507;0,30890922;el;20;020;el;s_el_020p.wav;s_el_020tw;0,650394411;s_el_020p.wav;s_el_020tw_6.wav;Stimuli/s_el_020p.wav;Stimuli/s_el_020tw_6.wav;0,379305419
Liebe geht durch den;magen;66;2;3;68;5;288;0,970588235;0,153078103;el;346;346;el;s_el_346p.wav;s_el_346tw;0,042388457;s_el_346p.wav;s_el_346tw_1.wav;Stimuli/s_el_346p.wav;Stimuli/s_el_346tw_1.wav;0,381306402
�ber Nacht liegt das Kreuzfahrtschiff sicher im;hafen;76;1;1;76;8;21;1;0;el;412;412;el;s_el_412p.wav;s_el_412tw;0,727915007;s_el_412p.wav;s_el_412tw_12.wav;Stimuli/s_el_412p.wav;Stimuli/s_el_412tw_12.wav;0,382082121
Marie b�ckte sich und sah einen;k�fer;21;15;35;68;7;291;0,308823529;2,970789519;eh;349;349;eh;s_eh_349p.wav;s_eh_349tw;0,799798246;s_eh_349p.wav;s_eh_349tw_6.wav;Stimuli/s_eh_349p.wav;Stimuli/s_eh_349tw_6.wav;0,384110385
Nach einer Veranstaltung putzt die Reinigungsfirma den;stuhl;1;11;13;67;8;318;0,014925373;1,598486733;em_lc;379;379;em;s_em_379p.wav;s_em_lc_379tw;0,552279896;s_em_379p.wav;s_em_lc_379tw_6.wav;Stimuli/s_em_379p.wav;Stimuli/s_em_lc_379tw_6.wav;0,392314973
Der Italiener von nebenan serviert die beste;wurst;1;6;6;65;8;111;0,015384615;0,875147251;em_lc;117;117;em;s_em_117p.wav;s_em_lc_117tw;0,770463671;s_em_117p.wav;s_em_lc_117tw_12.wav;Stimuli/s_em_117p.wav;Stimuli/s_em_lc_117tw_12.wav;0,395614104
Im Kofferraum versteckte der Ganove die;beute;21;1;11;66;7;231;0,318181818;1,898842827;em_hc;279;279;em;s_em_279p.wav;s_em_hc_279tw;0,249400722;s_em_279p.wav;s_em_hc_279tw_3.wav;Stimuli/s_em_279p.wav;Stimuli/s_em_hc_279tw_3.wav;0,410863017
Ingrid liest bei Romanen immer zuerst die letzte;seite;73;1;2;75;9;15;0,973333333;0,122956999;el;334;334;el;s_el_334p.wav;s_el_334tw;0,418851877;s_el_334p.wav;s_el_334tw_3.wav;Stimuli/s_el_334p.wav;Stimuli/s_el_334tw_3.wav;0,411778631
Die alte Stra�enbahn rattert auf den;schienen;45;4;5;68;7;150;0,661764706;0,857295249;em_hc;166;166;em;s_em_166p.wav;s_em_hc_166tw;0,202582004;s_em_166p.wav;s_em_hc_166tw_1.wav;Stimuli/s_em_166p.wav;Stimuli/s_em_hc_166tw_1.wav;0,413122684
Der Wissenschaftler forscht an einem neuen Medikament gegen;krebs;40;8;11;67;9;146;0,597014925;1,415487196;em_hc;158;158;em;s_em_158p.wav;s_em_hc_158tw;0,100430807;s_em_158p.wav;s_em_hc_158tw_1.wav;Stimuli/s_em_158p.wav;Stimuli/s_em_hc_158tw_1.wav;0,415975613
Die Unfallursache war wie h�ufig eine zu hohe ;Leitf�higkeit;0;;2;52;9;16;0;0,095030117;el_mm;215;215;el;s_el_215p.wav;s_el_mm_215tw;0,900381685;s_el_215p.wav;s_el_mm_215tw_12.wav;Stimuli/s_el_215p.wav;Stimuli/s_el_mm_215tw_12.wav;0,418455847
Die Polizistin verhaftete den Verd�chtigen auf der;parkbank;1;5;10;67;8;179;0,014925373;1,203621626;em_lc;207;207;em;s_em_207p.wav;s_em_lc_207tw;0,585745049;s_em_207p.wav;s_em_lc_207tw_6.wav;Stimuli/s_em_207p.wav;Stimuli/s_em_lc_207tw_6.wav;0,427024366
Der Investmentb�nker verliert sein ganzes Geld an der;b�rse;64;1;3;67;9;110;0,955223881;0,211337221;el;115;115;el;s_el_115p.wav;s_el_115tw;0,890097121;s_el_115p.wav;s_el_115tw_12.wav;Stimuli/s_el_115p.wav;Stimuli/s_el_115tw_12.wav;0,433941197
Nach dem Essen sp�lten sie das ;Geschirr;44;;1;44;7;29;1;0;el;365;365;el;s_el_365p.wav;s_el_365tw;0,164377185;s_el_365p.wav;s_el_365tw_1.wav;Stimuli/s_el_365p.wav;Stimuli/s_el_365tw_1.wav;0,437958843
Es gibt kein schlechtes Wetter, nur schlechte;kleidung;55;3;7;76;8;9;0,723684211;0,908066018;em_hc;229;229;em;s_em_229p.wav;s_em_hc_229tw;0,794023114;s_em_229p.wav;s_em_hc_229tw_12.wav;Stimuli/s_em_229p.wav;Stimuli/s_em_hc_229tw_12.wav;0,438802932
Im Weltall h�rt man keine;motoren;1;5;17;66;6;242;0,015151515;1,949497901;em_lc;291;291;em;s_em_291p.wav;s_em_lc_291tw;0,582855472;s_em_291p.wav;s_em_lc_291tw_6.wav;Stimuli/s_em_291p.wav;Stimuli/s_em_lc_291tw_6.wav;0,44503587
Auf dem Bauernhof gibt es viele grunzende;schweine;72;4;5;76;8;2;0,947368421;0,279154912;el;13;013;el;s_el_013p.wav;s_el_013tw;0,3781672;s_el_013p.wav;s_el_013tw_3.wav;Stimuli/s_el_013p.wav;Stimuli/s_el_013tw_3.wav;0,445512211
In dem Gruselkabinett gibt es viele;geister;27;4;14;66;7;247;0,409090909;1,9832707;em_hc;300;300;em;s_em_300p.wav;s_em_hc_300tw;0,442407423;s_em_300p.wav;s_em_hc_300tw_3.wav;Stimuli/s_em_300p.wav;Stimuli/s_em_hc_300tw_3.wav;0,448634247
In der Nachbarsstadt gibt es die gr��te Messe f�r;b�cher;7;13;49;66;10;261;0,106060606;3,706383995;eh;315;315;eh;s_eh_315p.wav;s_eh_315tw;0,931293712;s_eh_315p.wav;s_eh_315tw_12.wav;Stimuli/s_eh_315p.wav;Stimuli/s_eh_315tw_12.wav;0,452866061
Als Kind liebte sie das M�rchen von H�nsel und;nemo;0;1;1;66;10;2;0;0;el_mm;1;001;el;s_el_001p.wav;s_el_mm_001tw;0,547317068;s_el_001p.wav;s_el_mm_001tw_6.wav;Stimuli/s_el_001p.wav;Stimuli/s_el_mm_001tw_6.wav;0,456890031
Der Bieber baut seinen Damm aus vielen;�sten;31;1;10;67;8;90;0,462686567;1,675670624;em_hc;93;093;em;s_em_093p.wav;s_em_hc_093tw;0,661985526;s_em_093p.wav;s_em_hc_093tw_6.wav;Stimuli/s_em_093p.wav;Stimuli/s_em_hc_093tw_6.wav;0,457588906
F�r die Vorratshaltung am besten geeignet sind Konserven mit;deckel;9;3;30;68;10;196;0,132352941;2,999887306;eh;234;234;eh;s_eh_234p.wav;s_eh_234tw;0,512060237;s_eh_234p.wav;s_eh_234tw_3.wav;Stimuli/s_eh_234p.wav;Stimuli/s_eh_234tw_3.wav;0,459261093
Die Feuerwehrleute retten die Menschen aus einem brennenden;busch;0;5;6;67;9;156;0;0,569574945;el_mm;181;181;el;s_el_181p.wav;s_el_mm_181tw;0,11287395;s_el_181p.wav;s_el_mm_181tw_1.wav;Stimuli/s_el_181p.wav;Stimuli/s_el_mm_181tw_1.wav;0,462172585
Der Wetterbericht warnt vor heftigem;gewitter;15;1;7;58;6;143;0,25862069;1,562372149;em_hc;152;152;em;s_em_152p.wav;s_em_hc_152tw;0,086066911;s_em_152p.wav;s_em_hc_152tw_1.wav;Stimuli/s_em_152p.wav;Stimuli/s_em_hc_152tw_1.wav;0,469998435
Die junge Katze hat Angst vor dem;tod;1;13;16;68;8;166;0,014705882;1,576074887;em_lc;190;190;em;s_em_190p.wav;s_em_lc_190tw;0,496041187;s_em_190p.wav;s_em_lc_190tw_3.wav;Stimuli/s_em_190p.wav;Stimuli/s_em_lc_190tw_3.wav;0,472247624
Die junge Frau bat die Bank um einen;kredit;65;2;3;68;9;165;0,955882353;0,208897898;el;188;188;el;s_el_188p.wav;s_el_188tw;0,025561327;s_el_188p.wav;s_el_188tw_1.wav;Stimuli/s_el_188p.wav;Stimuli/s_el_188tw_1.wav;0,472946084
Der Apfelkuchen war von ausgezeichnetem ;Geschmack ;37;;5;41;6;4;0,902439024;0,454938828;el;86;086;el;s_el_086p.wav;s_el_086tw;0,245719849;s_el_086p.wav;s_el_086tw_3.wav;Stimuli/s_el_086p.wav;Stimuli/s_el_086tw_3.wav;0,474989481
Nach einer anstrengenden Radtour hatte er gro�en Hunger und;angst;0;2;3;66;10;313;0;0,156798419;el_mm;372;372;el;s_el_372p.wav;s_el_mm_372tw;0,601450357;s_el_372p.wav;s_el_mm_372tw_6.wav;Stimuli/s_el_372p.wav;Stimuli/s_el_mm_372tw_6.wav;0,476400984
Die Katze jagt eine Maus im;schuppen;1;11;14;68;7;168;0,014705882;2,060795255;em_lc;193;193;em;s_em_193p.wav;s_em_lc_193tw;0,700428163;s_em_193p.wav;s_em_lc_193tw_6.wav;Stimuli/s_em_193p.wav;Stimuli/s_em_lc_193tw_6.wav;0,478353492
Im Kasino verlor Andr� sein ganzes;korn;0;2;4;76;7;12;0;0,576324579;el_mm;276;276;el;s_el_276p.wav;s_el_mm_276tw;0,237532723;s_el_276p.wav;s_el_mm_276tw_3.wav;Stimuli/s_el_276p.wav;Stimuli/s_el_mm_276tw_3.wav;0,480895121
In dieser Woche hat der Supermarkt ein Angebot f�r;obst;6;25;42;68;10;270;0,088235294;3,579427185;eh;321;321;eh;s_eh_321p.wav;s_eh_321tw;0,917178848;s_eh_321p.wav;s_eh_321tw_12.wav;Stimuli/s_eh_321p.wav;Stimuli/s_eh_321tw_12.wav;0,492470389
In der Gemeinde legen die Mitglieder gro�en Wert auf;sauberkeit;19;15;25;67;10;256;0,28358209;2,659700523;eh;310;310;eh;s_eh_310p.wav;s_eh_310tw;0,889998667;s_eh_310p.wav;s_eh_310tw_12.wav;Stimuli/s_eh_310p.wav;Stimuli/s_eh_310tw_12.wav;0,496784014
Von dem Lottogewinn kauft er sich ein schnelles;dreirad;0;1;9;65;9;342;0;0,685064362;el_mm;420;420;el;s_el_420p.wav;s_el_mm_420tw;0,140248908;s_el_420p.wav;s_el_mm_420tw_1.wav;Stimuli/s_el_420p.wav;Stimuli/s_el_mm_420tw_1.wav;0,505224868
Die Spazierg�nger verirrten sich im;klo;0;8;8;68;6;182;0;0,67464194;el_mm;211;211;el;s_el_211p.wav;s_el_mm_211tw;0,750335447;s_el_211p.wav;s_el_mm_211tw_12.wav;Stimuli/s_el_211p.wav;Stimuli/s_el_mm_211tw_12.wav;0,506252606
Ihr Kleid war aus reiner ;Seide;42;;2;44;6;22;0,954545455;0,184907399;el;261;261;el;s_el_261p.wav;s_el_261tw;0,893701065;s_el_261p.wav;s_el_261tw_12.wav;Stimuli/s_el_261p.wav;Stimuli/s_el_261tw_12.wav;0,520064486
Die Bewohner bemerkten den Einbruch erst am n�chsten ;Wall;0;;2;44;9;13;0;0,641636632;el_mm;170;170;el;s_el_170p.wav;s_el_mm_170tw;0,696446745;s_el_170p.wav;s_el_mm_170tw_12.wav;Stimuli/s_el_170p.wav;Stimuli/s_el_mm_170tw_12.wav;0,527678212
Der Sicherheitsbeauftragte entdeckte gro�e M�ngel bei den;t�ren;4;45;49;67;8;133;0,059701493;3,759634712;eh;139;139;eh;s_eh_139p.wav;s_eh_139tw;0,861839087;s_eh_139p.wav;s_eh_139tw_12.wav;Stimuli/s_eh_139p.wav;Stimuli/s_eh_139tw_12.wav;0,53368059
Aus dem Tresor stehlen die Bankr�uber wertvolle;diamanten;8;5;26;65;8;43;0,123076923;2,981211014;eh;40;040;eh;s_eh_040p.wav;s_eh_040tw;0,004936903;s_eh_040p.wav;s_eh_040tw_1.wav;Stimuli/s_eh_040p.wav;Stimuli/s_eh_040tw_1.wav;0,534984938
In seinem alten Kinderzimmer suchte er nach seinem;teddy;9;35;39;67;9;277;0,134328358;3,363602743;eh;330;330;eh;s_eh_330p.wav;s_eh_330tw;0,36094196;s_eh_330p.wav;s_eh_330tw_3.wav;Stimuli/s_eh_330p.wav;Stimuli/s_eh_330tw_3.wav;0,536800664
Auf ihre Spaghetti reibt sie sich;tr�ffel;1;4;4;68;7;38;0,014705882;0,809706241;em_lc;33;033;em;s_em_033p.wav;s_em_lc_033tw;0,46463424;s_em_033p.wav;s_em_lc_033tw_3.wav;Stimuli/s_em_033p.wav;Stimuli/s_em_lc_033tw_3.wav;0,54367633
Der junge Mann tr�gt die Last auf seinen;n�geln;0;2;2;66;9;113;0;0,228631874;el_mm;120;120;el;s_el_120p.wav;s_el_mm_120tw;0,802588727;s_el_120p.wav;s_el_mm_120tw_12.wav;Stimuli/s_el_120p.wav;Stimuli/s_el_mm_120tw_12.wav;0,549464233
Viola stand vor der geschlossenen T�r und dr�ckte die;klingel;38;2;4;76;10;23;0,5;0,932112882;em_hc;418;418;em;s_em_418p.wav;s_em_hc_418tw;0,984991446;s_em_418p.wav;s_em_hc_418tw_12.wav;Stimuli/s_em_418p.wav;Stimuli/s_em_hc_418tw_12.wav;0,556600337
Ihre H�nde waren ganz wund vom;putzen;9;7;28;68;7;218;0,132352941;2,884835511;eh;265;265;eh;s_eh_265p.wav;s_eh_265tw;0,462552297;s_eh_265p.wav;s_eh_265tw_3.wav;Stimuli/s_eh_265p.wav;Stimuli/s_eh_265tw_3.wav;0,562016016
Am Montag h�lt Karim ein Referat �ber;tiere;4;52;58;67;8;9;0,059701493;3,997783013;eh;10;010;eh;s_eh_010p.wav;s_eh_010tw;0,231716919;s_eh_010p.wav;s_eh_010tw_3.wav;Stimuli/s_eh_010p.wav;Stimuli/s_eh_010tw_3.wav;0,564116256
Wir treffen uns heute Nachmittag im;foyer;1;4;12;68;7;352;0,014705882;1,773827067;em_lc;429;429;em;s_em_429p.wav;s_em_lc_429tw;0,420344955;s_em_429p.wav;s_em_lc_429tw_3.wav;Stimuli/s_em_429p.wav;Stimuli/s_em_lc_429tw_3.wav;0,574168281
Heimlich stahl das kleine M�dchen aus der Handtasche der Mutter eine;m�nze;21;18;32;68;12;204;0,308823529;2,797303444;eh;242;242;eh;s_eh_242p.wav;s_eh_242tw;0,8066622;s_eh_242p.wav;s_eh_242tw_6.wav;Stimuli/s_eh_242p.wav;Stimuli/s_eh_242tw_6.wav;0,575572633
Ganz hinten unter der Decke liegt ein;kissen;15;13;29;68;8;200;0,220588235;2,865993412;eh;239;239;eh;s_eh_239p.wav;s_eh_239tw;0,396161484;s_eh_239p.wav;s_eh_239tw_3.wav;Stimuli/s_eh_239p.wav;Stimuli/s_eh_239tw_3.wav;0,582089881
Ich gehe zum Fahrradladen und hole eine;pumpe;34;8;13;63;8;209;0,53968254;1,525829171;em_hc;249;249;em;s_em_249p.wav;s_em_hc_249tw;0,519045471;s_em_249p.wav;s_em_hc_249tw_6.wav;Stimuli/s_em_249p.wav;Stimuli/s_em_hc_249tw_6.wav;0,584259533
Das Hochhaus ragte in den;himmel;65;1;2;66;6;72;0,984848485;0,078515764;el;74;074;el;s_el_074p.wav;s_el_074tw;0,775079859;s_el_074p.wav;s_el_074tw_12.wav;Stimuli/s_el_074p.wav;Stimuli/s_el_074tw_12.wav;0,58646341
Meine Schwester studiert Medizin an der;universit�t;49;6;6;67;7;296;0,731343284;0,974417802;em_hc;354;354;em;s_em_354p.wav;s_em_hc_354tw;0,055949994;s_em_354p.wav;s_em_hc_354tw_1.wav;Stimuli/s_em_354p.wav;Stimuli/s_em_hc_354tw_1.wav;0,59780777
Der Spion lauscht bei einem Gespr�ch �ber die;politik;8;35;55;68;9;135;0,117647059;3,844852607;eh;143;143;eh;s_eh_143p.wav;s_eh_143tw;0,533327681;s_eh_143p.wav;s_eh_143tw_6.wav;Stimuli/s_eh_143p.wav;Stimuli/s_eh_143tw_6.wav;0,611240851
Zu ihrem Kleid trug sie passende;kr�ge;0;4;8;67;7;353;0;0,648300331;el_mm;431;431;el;s_el_431p.wav;s_el_mm_431tw;0,725487985;s_el_431p.wav;s_el_mm_431tw_12.wav;Stimuli/s_el_431p.wav;Stimuli/s_el_mm_431tw_12.wav;0,612776765
Der Boxer schlug seinem Gegner auf die;nase;43;9;14;68;8;92;0,632352941;1,433631424;em_hc;95;095;em;s_em_095p.wav;s_em_hc_095tw;0,951020436;s_em_095p.wav;s_em_hc_095tw_12.wav;Stimuli/s_em_095p.wav;Stimuli/s_em_hc_095tw_12.wav;0,613584633
Mit dem 3-D Drucker fertigt Marius eine;skulptur;9;28;35;65;8;299;0,138461538;3,234490725;eh;356;356;eh;s_eh_356p.wav;s_eh_356tw;0,970975414;s_eh_356p.wav;s_eh_356tw_12.wav;Stimuli/s_eh_356p.wav;Stimuli/s_eh_356tw_12.wav;0,627061806
Nach den vielen Stufen war sie au�er;atem;53;1;4;66;8;309;0,803030303;0,601740811;el;368;368;el;s_el_368p.wav;s_el_368tw;0,506928222;s_el_368p.wav;s_el_368tw_6.wav;Stimuli/s_el_368p.wav;Stimuli/s_el_368tw_6.wav;0,62926892
In der Jugendherberge �bernachten viele;frauen;1;2;12;67;6;257;0,014925373;1,764350618;em_lc;311;311;em;s_em_311p.wav;s_em_lc_311tw;0,20680023;s_em_311p.wav;s_em_lc_311tw_1.wav;Stimuli/s_em_311p.wav;Stimuli/s_em_lc_311tw_1.wav;0,630808735
Die Maus knabberte an einem St�ck;k�se;62;2;5;66;7;176;0,939393939;0,312649714;el;204;204;el;s_el_204p.wav;s_el_204tw;0,513025579;s_el_204p.wav;s_el_204tw_6.wav;Stimuli/s_el_204p.wav;Stimuli/s_el_204tw_6.wav;0,631567118
Nach dem Essen bezahlte er die ;zweige;0;;4;43;7;28;0;0,482110283;el_mm;363;363;el;s_el_363p.wav;s_el_mm_363tw;0,258799358;s_el_363p.wav;s_el_mm_363tw_3.wav;Stimuli/s_el_363p.wav;Stimuli/s_el_mm_363tw_3.wav;0,632991559
Im Gef�gnis waren Gitter vor den ;Fenstern;49;;3;52;7;24;0,942307692;0,257292008;el;271;271;el;s_el_271p.wav;s_el_271tw;0,123592011;s_el_271p.wav;s_el_271tw_1.wav;Stimuli/s_el_271p.wav;Stimuli/s_el_271tw_1.wav;0,636200697
N�chstes Jahr kommt mein kleiner Sohn schon in die ;Miene;0;;2;47;10;30;0;0,10296666;el_mm;384;384;el;s_el_384p.wav;s_el_mm_384tw;0,105955023;s_el_384p.wav;s_el_mm_384tw_1.wav;Stimuli/s_el_384p.wav;Stimuli/s_el_mm_384tw_1.wav;0,648050246
Die U-Bahn am Marienplatz war voller;ratten;1;12;17;66;7;185;0,015151515;1,642563515;em_lc;213;213;em;s_em_213p.wav;s_em_lc_213tw;0,407193726;s_em_213p.wav;s_em_lc_213tw_3.wav;Stimuli/s_em_213p.wav;Stimuli/s_em_lc_213tw_3.wav;0,654891313
In London entwarf die Stararchitektin ein neues;geb�ude;25;6;13;65;8;276;0,384615385;1,80582233;em_hc;328;328;em;s_em_328p.wav;s_em_hc_328tw;0,60646014;s_em_328p.wav;s_em_hc_328tw_6.wav;Stimuli/s_em_328p.wav;Stimuli/s_em_hc_328tw_6.wav;0,660552929
Auf der Stra�e repariert der Bauarbeiter ein;tor;1;17;17;65;8;33;0,015384615;2,083047987;em_lc;28;028;em;s_em_028p.wav;s_em_lc_028tw;0,740978399;s_em_028p.wav;s_em_lc_028tw_12.wav;Stimuli/s_em_028p.wav;Stimuli/s_em_lc_028tw_12.wav;0,661143227
Im Streit zog das M�dchen seiner Freundin an den;kn�pfen;0;1;3;68;10;239;0;0,299468511;el_mm;287;287;el;s_el_287p.wav;s_el_mm_287tw;0,042539697;s_el_287p.wav;s_el_mm_287tw_1.wav;Stimuli/s_el_287p.wav;Stimuli/s_el_mm_287tw_1.wav;0,665458541
Die K�chin w�rzte das Essen mit;ingwer;1;5;14;68;7;172;0,014705882;1,465469918;em_lc;200;200;em;s_em_200p.wav;s_em_lc_200tw;0,050490691;s_em_200p.wav;s_em_lc_200tw_1.wav;Stimuli/s_em_200p.wav;Stimuli/s_em_lc_200tw_1.wav;0,666069501
Heute gab es zu den Kartoffeln nur;quark;13;15;23;64;8;205;0,203125;2,730844775;eh;244;244;eh;s_eh_244p.wav;s_eh_244tw;0,716698017;s_eh_244p.wav;s_eh_244tw_6.wav;Stimuli/s_eh_244p.wav;Stimuli/s_eh_244tw_6.wav;0,667362547
Ich trinke gerne ein Glas Wein zum;tee;1;11;12;68;8;214;0,014705882;1,422135119;em_lc;255;255;em;s_em_255p.wav;s_em_lc_255tw;0,965771392;s_em_255p.wav;s_em_lc_255tw_12.wav;Stimuli/s_em_255p.wav;Stimuli/s_em_lc_255tw_12.wav;0,668320544
Der Winter ist die beste Zeit zum;skifahren;29;12;14;66;8;145;0,439393939;1,878044805;em_hc;154;154;em;s_em_154p.wav;s_em_hc_154tw;0,825364565;s_em_154p.wav;s_em_hc_154tw_12.wav;Stimuli/s_em_154p.wav;Stimuli/s_em_hc_154tw_12.wav;0,679481142
Im Hochsommer erntet der Imker den heimischen;spargel;0;1;2;73;8;11;0;0,07237779;el_mm;273;273;el;s_el_273p.wav;s_el_mm_273tw;0,927414272;s_el_273p.wav;s_el_mm_273tw_12.wav;Stimuli/s_el_273p.wav;Stimuli/s_el_mm_273tw_12.wav;0,681154148
Nach vielen Niederlagen steht die Fu�ballmannschaft kurz vor dem;abstieg;30;1;8;76;10;19;0,394736842;1,354694129;em_hc;382;382;em;s_em_382p.wav;s_em_hc_382tw;0,07876377;s_em_382p.wav;s_em_hc_382tw_1.wav;Stimuli/s_em_382p.wav;Stimuli/s_em_hc_382tw_1.wav;0,686240953
In der Menschenmenge erkannte mich meine;chefin;1;1;16;67;7;260;0,014925373;1,958237695;em_lc;313;313;em;s_em_313p.wav;s_em_lc_313tw;0,754681961;s_em_313p.wav;s_em_lc_313tw_12.wav;Stimuli/s_em_313p.wav;Stimuli/s_em_lc_313tw_12.wav;0,687106986
Auf jedem Bild in dieser Galerie findet sich ein;hund;5;14;40;64;10;40;0,078125;3,501161616;eh;36;036;eh;s_eh_036p.wav;s_eh_036tw;0,958373526;s_eh_036p.wav;s_eh_036tw_12.wav;Stimuli/s_eh_036p.wav;Stimuli/s_eh_036tw_12.wav;0,689278902
In der Schwangerschaft a� sie besonders gerne;gurken;16;14;30;67;8;266;0,23880597;2,825803424;eh;319;319;eh;s_eh_319p.wav;s_eh_319tw;0,350488636;s_eh_319p.wav;s_eh_319tw_3.wav;Stimuli/s_eh_319p.wav;Stimuli/s_eh_319tw_3.wav;0,691134553
Der Verd�chtige f�llt besonders auf durch seinen;bart;13;4;20;62;8;138;0,209677419;2,588731422;eh;147;147;eh;s_eh_147p.wav;s_eh_147tw;0,149614366;s_eh_147p.wav;s_eh_147tw_1.wav;Stimuli/s_eh_147p.wav;Stimuli/s_eh_147tw_1.wav;0,696543712
Hinter den sieben Bergen wohnen die sieben;kr�ten;0;1;1;67;8;206;0;0;el_mm;245;245;el;s_el_245p.wav;s_el_mm_245tw;0,121454219;s_el_245p.wav;s_el_mm_245tw_1.wav;Stimuli/s_el_245p.wav;Stimuli/s_el_mm_245tw_1.wav;0,697768055
W�hrend einer Verfolgungsjagd floh der Verd�chtige mit einem;auto;34;1;21;68;9;346;0,5;2,093346239;em_hc;424;424;em;s_em_424p.wav;s_em_hc_424tw;0,438226208;s_em_424p.wav;s_em_hc_424tw_3.wav;Stimuli/s_em_424p.wav;Stimuli/s_em_hc_424tw_3.wav;0,697810684
Trotz der aussichtslosen Situation verliert Laura nicht die;hoffnung;37;4;11;76;9;20;0,486842105;1,641781405;em_hc;404;404;em;s_em_404p.wav;s_em_hc_404tw;0,331447285;s_em_404p.wav;s_em_hc_404tw_3.wav;Stimuli/s_em_404p.wav;Stimuli/s_em_hc_404tw_3.wav;0,699233093
Inspiriert von ihrem neuen Buch begann sie mit dem;h�keln;1;3;18;68;10;282;0,014705882;1,933184099;em_lc;336;336;em;s_em_336p.wav;s_em_lc_336tw;0,551861132;s_em_336p.wav;s_em_lc_336tw_3.wav;Stimuli/s_em_336p.wav;Stimuli/s_em_lc_336tw_3.wav;0,704912929
Beim Wandern finden sie auf dem Weg eine;schlange;9;31;37;67;9;63;0,134328358;3,317582105;eh;58;058;eh;s_eh_058p.wav;s_eh_058tw;0,186642817;s_eh_058p.wav;s_eh_058tw_1.wav;Stimuli/s_eh_058p.wav;Stimuli/s_eh_058tw_1.wav;0,723736271
Er spaltete das Holz mit einer gro�en ;Axt;43;;1;43;8;19;1;0;el;227;227;el;s_el_227p.wav;s_el_227tw;0,366795416;s_el_227p.wav;s_el_227tw_3.wav;Stimuli/s_el_227p.wav;Stimuli/s_el_227tw_3.wav;0,755338139
Die DDR baute 1961 in Berlin die;Fabrik;0;;1;44;8;14;0;0;el_mm;174;174;el;s_el_174p.wav;s_el_mm_174tw;0,368285308;s_el_174p.wav;s_el_mm_174tw_3.wav;Stimuli/s_el_174p.wav;Stimuli/s_el_mm_174tw_3.wav;0,756503519
Der Vogel im Baum singt ein sch�nes;lied;64;2;4;67;8;140;0,955223881;0,232028182;el;148;148;el;s_el_148p.wav;s_el_148tw;0,412099012;s_el_148p.wav;s_el_148tw_3.wav;Stimuli/s_el_148p.wav;Stimuli/s_el_148tw_3.wav;0,761319183
Der Arzt bem�hte sich sehr um seinen ;Schnellkochtopf;0;;3;47;8;5;0;0,20547075;el_mm;88;088;el;s_el_088p.wav;s_el_mm_088tw;0,440421907;s_el_088p.wav;s_el_mm_088tw_3.wav;Stimuli/s_el_088p.wav;Stimuli/s_el_mm_088tw_3.wav;0,768922941
Der Winter war sehr hart in diesem ;schal;0;;1;44;8;10;0;0;el_mm;156;156;el;s_el_156p.wav;s_el_mm_156tw;0,644205426;s_el_156p.wav;s_el_mm_156tw_12.wav;Stimuli/s_el_156p.wav;Stimuli/s_el_mm_156tw_12.wav;0,771659489
Der D�nger n�hrt den ;delfin;0;;3;40;5;6;0;0,233172602;el_mm;98;098;el;s_el_098p.wav;s_el_mm_098tw;0,450293263;s_el_098p.wav;s_el_mm_098tw_3.wav;Stimuli/s_el_098p.wav;Stimuli/s_el_mm_098tw_3.wav;0,773873107
Das Tropfen des Wasserhahns hinterlie� einen dunkeln;klang;1;5;13;68;8;83;0,014705882;1,411263519;em_lc;79;079;em;s_em_079p.wav;s_em_lc_079tw;0,166424838;s_em_079p.wav;s_em_lc_079tw_1.wav;Stimuli/s_em_079p.wav;Stimuli/s_em_lc_079tw_1.wav;0,778802739
Der Fuchs lauerte hinter einem;garten;1;7;19;68;6;101;0,014705882;2,021220008;em_lc;111;111;em;s_em_111p.wav;s_em_lc_111tw;0,253010102;s_em_111p.wav;s_em_lc_111tw_1.wav;Stimuli/s_em_111p.wav;Stimuli/s_em_lc_111tw_1.wav;0,781979916
Zum 20-j�hrigen Jubil�um bekam die Sekr�terin von ihrem Chef eine Schachtel;pralinen;56;3;5;67;12;356;0,835820896;0,591928037;el;435;435;el;s_el_435p.wav;s_el_435tw;0,199543531;s_el_435p.wav;s_el_435tw_1.wav;Stimuli/s_el_435p.wav;Stimuli/s_el_435tw_1.wav;0,784131141
Bei einem Strandspaziergang entdeckten sie am Ufer einen;wal;11;31;31;67;9;52;0,164179104;3,090458648;eh;47;047;eh;s_eh_047p.wav;s_eh_047tw;0,243020308;s_eh_047p.wav;s_eh_047tw_3.wav;Stimuli/s_eh_047p.wav;Stimuli/s_eh_047tw_3.wav;0,784155578
Der Feuerl�scher befindet sich neben der;scheune;1;8;12;66;7;97;0,015151515;1,18929533;em_lc;104;104;em;s_em_104p.wav;s_em_lc_104tw;0,914091226;s_em_104p.wav;s_em_lc_104tw_12.wav;Stimuli/s_em_104p.wav;Stimuli/s_em_lc_104tw_12.wav;0,790607619
Ich schreibe einen langen Brief an meine;cousine;1;2;10;66;8;211;0,015151515;1,67368163;em_lc;251;251;em;s_em_251p.wav;s_em_lc_251tw;0,305190272;s_em_251p.wav;s_em_lc_251tw_1.wav;Stimuli/s_em_251p.wav;Stimuli/s_em_lc_251tw_1.wav;0,795440058
Beim Skifahren brach sich J�rg das ;Bein ;40;;4;44;7;2;0,909090909;0,399156167;el;54;054;el;s_el_054p.wav;s_el_054tw;0,254244818;s_el_054p.wav;s_el_054tw_3.wav;Stimuli/s_el_054p.wav;Stimuli/s_el_054tw_3.wav;0,800543215
�ber das Feld rennt ein;soldat;1;14;16;68;6;337;0,014705882;1,879718879;em_lc;408;408;em;s_em_408p.wav;s_em_lc_408tw;0,660013386;s_em_408p.wav;s_em_lc_408tw_6.wav;Stimuli/s_em_408p.wav;Stimuli/s_em_lc_408tw_6.wav;0,819443825
F�r ihren runden Geburtstag bestellt Johanna in der Konditorei eine;glocke;0;3;3;76;11;10;0;0,139933118;el_mm;237;237;el;s_el_237p.wav;s_el_mm_237tw;0,535153734;s_el_237p.wav;s_el_mm_237tw_6.wav;Stimuli/s_el_237p.wav;Stimuli/s_el_mm_237tw_6.wav;0,822606638
Am liebsten liest sie Fantasy-Romane �ber;drachen;13;3;28;66;7;8;0,196969697;2,933257173;eh;9;009;eh;s_eh_009p.wav;s_eh_009tw;0,726604075;s_eh_009p.wav;s_eh_009tw_6.wav;Stimuli/s_eh_009p.wav;Stimuli/s_eh_009tw_6.wav;0,829646095
Im Zoo sprang die Robbe durch einen;reifen;42;3;7;76;8;13;0,552631579;1,019284069;em_hc;295;295;em;s_em_295p.wav;s_em_hc_295tw;0,938798487;s_em_295p.wav;s_em_hc_295tw_12.wav;Stimuli/s_em_295p.wav;Stimuli/s_em_hc_295tw_12.wav;0,832794414
Nach einer Schreibblockade vollendete der Autor seinen;roman;44;7;9;67;8;317;0,656716418;1,286343381;em_hc;377;377;em;s_em_377p.wav;s_em_hc_377tw;0,469856225;s_em_377p.wav;s_em_hc_377tw_6.wav;Stimuli/s_em_377p.wav;Stimuli/s_em_hc_377tw_6.wav;0,839617112
Die wei�e Wolke am Himmel sieht aus wie ein;schaf;12;23;30;67;10;188;0,179104478;3,014355621;eh;219;219;eh;s_eh_219p.wav;s_eh_219tw;0,010418134;s_eh_219p.wav;s_eh_219tw_1.wav;Stimuli/s_eh_219p.wav;Stimuli/s_eh_219tw_1.wav;0,839737858
Frau Martin stellten den b�sen Sch�ler in die ;Grube;0;;2;47;9;21;0;0,10296666;el_mm;231;231;el;s_el_231p.wav;s_el_mm_231tw;0,937193866;s_el_231p.wav;s_el_mm_231tw_12.wav;Stimuli/s_el_231p.wav;Stimuli/s_el_mm_231tw_12.wav;0,841541778
Am ersten Wintertag hatte sein Auto zugefrorene ;Polster;0;;5;44;8;1;0;0,430662857;el_mm;7;007;el;s_el_007p.wav;s_el_mm_007tw;0,502953577;s_el_007p.wav;s_el_mm_007tw_6.wav;Stimuli/s_el_007p.wav;Stimuli/s_el_mm_007tw_6.wav;0,841618559
Der Klempner reinigte das verstopfte;rohr;63;4;5;75;6;6;0,84;0,631485769;el;125;125;el;s_el_125p.wav;s_el_125tw;0,71580038;s_el_125p.wav;s_el_125tw_12.wav;Stimuli/s_el_125p.wav;Stimuli/s_el_125tw_12.wav;0,845559984
Das Wachs tropft von der brennenden;kerze;75;2;2;76;7;4;0,986842105;0,070054281;el;81;081;el;s_el_081p.wav;s_el_081tw;0,529412796;s_el_081p.wav;s_el_081tw_6.wav;Stimuli/s_el_081p.wav;Stimuli/s_el_081tw_6.wav;0,850581794
Am Abend verbrachte sie gern noch Zeit mit ihren;hasen;1;5;9;50;10;4;0,02;1,585504266;em_lc;4;004;em;s_em_004p.wav;s_em_lc_004tw;0,505231342;s_em_004p.wav;s_em_lc_004tw_3.wav;Stimuli/s_em_004p.wav;Stimuli/s_em_lc_004tw_3.wav;0,85196583
Nach einer langen Autofahrt erreichte die Familie endlich das;ziel;53;8;8;68;10;315;0,779411765;0,933840517;em_hc;375;375;em;s_em_375p.wav;s_em_hc_375tw;0,289829413;s_em_375p.wav;s_em_hc_375tw_3.wav;Stimuli/s_em_375p.wav;Stimuli/s_em_hc_375tw_3.wav;0,866326853
Der Streit zwischen den Nachbarn entstand wegen einer;kleinigkeit;14;14;27;68;9;137;0,205882353;2,741549786;eh;144;144;eh;s_eh_144p.wav;s_eh_144tw;0,186984092;s_eh_144p.wav;s_eh_144tw_1.wav;Stimuli/s_eh_144p.wav;Stimuli/s_eh_144tw_1.wav;0,87063356
Bei Nacht spendet die Stra�enlaterne helles;licht;68;1;1;68;7;53;1;0;el;48;048;el;s_el_048p.wav;s_el_048tw;0,809266629;s_el_048p.wav;s_el_048tw_12.wav;Stimuli/s_el_048p.wav;Stimuli/s_el_048tw_12.wav;0,886649288
In seiner Werkstatt fertigt der Schmied ein eisernes;schwert;27;9;11;66;9;281;0,409090909;1,730942683;em_hc;332;332;em;s_em_332p.wav;s_em_hc_332tw;0,601463755;s_em_332p.wav;s_em_hc_332tw_6.wav;Stimuli/s_em_332p.wav;Stimuli/s_em_hc_332tw_6.wav;0,889113607
Mein Vater durchsucht den Werkzeugkasten nach einer;zange;28;13;13;67;8;293;0,417910448;1,699390604;em_hc;350;350;em;s_em_350p.wav;s_em_hc_350tw;0,038315414;s_em_350p.wav;s_em_hc_350tw_1.wav;Stimuli/s_em_350p.wav;Stimuli/s_em_hc_350tw_1.wav;0,889795093
Daniela g�hnte und rieb sich die Augen vor;m�digkeit;72;2;3;75;9;3;0,96;0,193404714;el;62;062;el;s_el_062p.wav;s_el_062tw;0,474308511;s_el_062p.wav;s_el_062tw_6.wav;Stimuli/s_el_062p.wav;Stimuli/s_el_062tw_6.wav;0,890186129
Im Labor untersuchten die Wissenschaftler die;proben;15;19;31;68;7;233;0,220588235;2,98772207;eh;281;281;eh;s_eh_281p.wav;s_eh_281tw;0,786245715;s_eh_281p.wav;s_eh_281tw_6.wav;Stimuli/s_eh_281p.wav;Stimuli/s_eh_281tw_6.wav;0,895550128
Der Zug lag noch gut in der ;Zeit;50;;3;53;8;12;0,943396226;0,253547675;el;162;162;el;s_el_162p.wav;s_el_162tw;0,495998612;s_el_162p.wav;s_el_162tw_6.wav;Stimuli/s_el_162p.wav;Stimuli/s_el_162tw_6.wav;0,903514965
Rund um den Garten zog er einen ;gnom;0;;3;53;8;34;0;0,425227591;el_mm;391;391;el;s_el_391p.wav;s_el_mm_391tw;0,021040217;s_el_391p.wav;s_el_mm_391tw_1.wav;Stimuli/s_el_391p.wav;Stimuli/s_el_mm_391tw_1.wav;0,904971545
Ich verbringe meine Ferien gerne am;weiher;1;6;6;67;7;215;0,014925373;1,176330127;em_lc;257;257;em;s_em_257p.wav;s_em_lc_257tw;0,866047604;s_em_257p.wav;s_em_lc_257tw_12.wav;Stimuli/s_em_257p.wav;Stimuli/s_em_lc_257tw_12.wav;0,907737359
Der See ist ein beliebter Ort zum;angeln;1;1;13;68;8;132;0,014705882;1,717522048;em_lc;137;137;em;s_em_137p.wav;s_em_lc_137tw;0,160010556;s_em_137p.wav;s_em_lc_137tw_1.wav;Stimuli/s_em_137p.wav;Stimuli/s_em_lc_137tw_1.wav;0,913476587
Lars schlug sein Pferd mit einer ;Peitsche ;40;;3;44;7;26;0,909090909;0,355757474;el;344;344;el;s_el_344p.wav;s_el_344tw;0,161217147;s_el_344p.wav;s_el_344tw_1.wav;Stimuli/s_el_344p.wav;Stimuli/s_el_344tw_1.wav;0,917132292
Auf dem Zeltboden krabbelt eine;wanze;2;5;5;67;6;27;0,029850746;0,882515438;em_lc;23;023;em;s_em_023p.wav;s_em_lc_023tw;0,661228383;s_em_023p.wav;s_em_lc_023tw_6.wav;Stimuli/s_em_023p.wav;Stimuli/s_em_lc_023tw_6.wav;0,929612277
Das Parf�m der Rezeptionistin duftete angenehm nach;rosen;26;15;19;66;8;82;0,393939394;2,042440331;em_hc;77;077;em;s_em_077p.wav;s_em_hc_077tw;0,171671864;s_em_077p.wav;s_em_hc_077tw_1.wav;Stimuli/s_em_077p.wav;Stimuli/s_em_hc_077tw_1.wav;0,935357921
Die Zugv�gel flogen nach ;Gef�hl;0;;2;53;5;17;0;0,160680562;el_mm;220;220;el;s_el_220p.wav;s_el_mm_220tw;0,562866062;s_el_220p.wav;s_el_mm_220tw_6.wav;Stimuli/s_el_220p.wav;Stimuli/s_el_mm_220tw_6.wav;0,936378693
Morgens liest mein Vater;Zeitung;37;;4;40;5;27;0,925;0,348780385;el;361;361;el;s_el_361p.wav;s_el_361tw;0,451921037;s_el_361p.wav;s_el_361tw_6.wav;Stimuli/s_el_361p.wav;Stimuli/s_el_361tw_6.wav;0,936683921
Der warme Sandstrand kitzelt unter den;f��en;57;1;6;68;7;141;0,838235294;0,687772664;el;150;150;el;s_el_150p.wav;s_el_150tw;0,28929384;s_el_150p.wav;s_el_150tw_3.wav;Stimuli/s_el_150p.wav;Stimuli/s_el_150tw_3.wav;0,940295507
Berlin ist eine laute;Stadt;44;;1;44;5;3;1;0;el;59;059;el;s_el_059p.wav;s_el_059tw;0,381432987;s_el_059p.wav;s_el_059tw_3.wav;Stimuli/s_el_059p.wav;Stimuli/s_el_059tw_3.wav;0,946942076
Das Feuer im Kamin knistert und verbreitet;dreck;1;1;11;66;8;69;0,015151515;0,97153133;em_lc;70;070;em;s_em_070p.wav;s_em_lc_070tw;0,729674507;s_em_070p.wav;s_em_lc_070tw_6.wav;Stimuli/s_em_070p.wav;Stimuli/s_em_lc_070tw_6.wav;0,947985675
Die Belegschaft streikt f�r ein h�heres;gehalt;67;3;3;76;7;8;0,881578947;0,405076264;el;168;168;el;s_el_168p.wav;s_el_168tw;0,985224082;s_el_168p.wav;s_el_168tw_12.wav;Stimuli/s_el_168p.wav;Stimuli/s_el_168tw_12.wav;0,949581063
In der Schule lernen die Kinder;lesen;27;5;15;68;7;265;0,397058824;1,98044762;em_hc;317;317;em;s_em_317p.wav;s_em_hc_317tw;0,781152058;s_em_317p.wav;s_em_hc_317tw_12.wav;Stimuli/s_em_317p.wav;Stimuli/s_em_hc_317tw_12.wav;0,954940849
Der Comedien machte sich lustig �ber die;politiker;14;19;28;66;8;94;0,212121212;2,849741969;eh;97;097;eh;s_eh_097p.wav;s_eh_097tw;0,679738278;s_eh_097p.wav;s_eh_097tw_6.wav;Stimuli/s_eh_097p.wav;Stimuli/s_eh_097tw_6.wav;0,955615927
Zu Risiken und Nebenwirkungen fragen Sie Ihren Arzt oder;elektriker;0;1;2;75;10;24;0;0,122956999;el_mm;433;433;el;s_el_433p.wav;s_el_mm_433tw;0,212365739;s_el_433p.wav;s_el_mm_433tw_3.wav;Stimuli/s_el_433p.wav;Stimuli/s_el_mm_433tw_3.wav;0,955778196
In der Dunkelheit greift Theo nach der;zahnb�rste;1;14;15;67;8;255;0,014925373;1,810480301;em_lc;308;308;em;s_em_308p.wav;s_em_lc_308tw;0,450427045;s_em_308p.wav;s_em_lc_308tw_3.wav;Stimuli/s_em_308p.wav;Stimuli/s_em_lc_308tw_3.wav;0,956382812
Den Teebeutel �bergo� sie mit hei�em;sirup;0;2;2;76;7;5;0;0,070054281;el_mm;84;084;el;s_el_084p.wav;s_el_mm_084tw;0,606017951;s_el_084p.wav;s_el_mm_084tw_6.wav;Stimuli/s_el_084p.wav;Stimuli/s_el_mm_084tw_6.wav;0,957897215
Das erste Mal spielte der Schauspieler die Rolle des;b�sewichts;16;3;27;66;10;66;0,242424242;2,766499917;eh;66;066;eh;s_eh_066p.wav;s_eh_066tw;0,93936731;s_eh_066p.wav;s_eh_066tw_12.wav;Stimuli/s_eh_066p.wav;Stimuli/s_eh_066tw_12.wav;0,958658372
Das feuchte Handtuch h�ngt an dem;ofen;1;8;14;66;7;68;0,015151515;1,571622132;em_lc;68;068;em;s_em_068p.wav;s_em_lc_068tw;0,428594904;s_em_068p.wav;s_em_lc_068tw_3.wav;Stimuli/s_em_068p.wav;Stimuli/s_em_lc_068tw_3.wav;0,970930359
Bei diesem Ger�usch denkt Lilli immer an;urlaub;6;41;44;66;8;51;0,090909091;3,637979689;eh;46;046;eh;s_eh_046p.wav;s_eh_046tw;0,679538182;s_eh_046p.wav;s_eh_046tw_6.wav;Stimuli/s_eh_046p.wav;Stimuli/s_eh_046tw_6.wav;0,97260539
W�hrend der Konzerttage spielt die Musikerin ein St�ck auf ihrer;geige;23;4;12;68;11;345;0,338235294;1,990518482;em_hc;422;422;em;s_em_422p.wav;s_em_hc_422tw;0,864047883;s_em_422p.wav;s_em_hc_422tw_12.wav;Stimuli/s_em_422p.wav;Stimuli/s_em_hc_422tw_12.wav;0,978625175
Die Sch�ler schreiben heute eine wichtige Pr�fung in;mathe;47;8;10;66;9;181;0,712121212;1,141624711;em_hc;209;209;em;s_em_209p.wav;s_em_hc_209tw;0,840680635;s_em_209p.wav;s_em_hc_209tw_12.wav;Stimuli/s_em_209p.wav;Stimuli/s_em_hc_209tw_12.wav;0,981702421
Die Wahrsagerin prophezeit ihrem Kunden eine erfolgreiche;zukunft;45;10;10;67;8;187;0,671641791;1,153729504;em_hc;217;217;em;s_em_217p.wav;s_em_hc_217tw;0,387848106;s_em_217p.wav;s_em_hc_217tw_3.wav;Stimuli/s_em_217p.wav;Stimuli/s_em_hc_217tw_3.wav;0,992532859
